Domain,Nameserver1,Nameserver2
ufabet999vip.org,hank.ns.cloudflare.com,shaz.ns.cloudflare.com
winner289.org,hank.ns.cloudflare.com,shaz.ns.cloudflare.com
royal3333.org,hank.ns.cloudflare.com,shaz.ns.cloudflare.com
fv238.net,hank.ns.cloudflare.com,shaz.ns.cloudflare.com
fv238.org,hank.ns.cloudflare.com,shaz.ns.cloudflare.com
gp69.org,hank.ns.cloudflare.com,shaz.ns.cloudflare.com
ktv1bet.org,hank.ns.cloudflare.com,shaz.ns.cloudflare.com
kt568.net,hank.ns.cloudflare.com,shaz.ns.cloudflare.com
kt568.org,hank.ns.cloudflare.com,shaz.ns.cloudflare.com
rome1668.com,hank.ns.cloudflare.com,shaz.ns.cloudflare.com
rome1668.net,hank.ns.cloudflare.com,shaz.ns.cloudflare.com
gara789.com,hank.ns.cloudflare.com,shaz.ns.cloudflare.com
gara789.net,hank.ns.cloudflare.com,shaz.ns.cloudflare.com
1688ruay.com,hank.ns.cloudflare.com,shaz.ns.cloudflare.com
1688ruay.net,hank.ns.cloudflare.com,shaz.ns.cloudflare.com
777beer.org,hank.ns.cloudflare.com,shaz.ns.cloudflare.com
